{
  "attributes": [
    {"name": "Id","type": "int64!","operations": [ "equals" ]},
    {"name": "DOI","type": "string?","operations": [ "equals", "starts_with" ]},
    {"name": "Title","type": "string?","operations": [ "equals", "starts_with" ]},
    {"name": "TitleWords","type": "string*","operations": [ "equals" ]},
    {"name": "OriginalTitle","type": "blob?"},
    {"name": "Abstract","type": "blob?"},
    {"name": "AbstractWords","type": "string*", "operations": [ "equals" ]},
    {"name": "Year","type": "int32?","operations": [ "equals", "is_between" ]},
    {"name": "Date", "type": "date?", "operations": [ "equals", "is_between"]},
    {"name": "CitationCount","type": "int32?","operations": [ "equals", "is_between" ]},
    {"name": "EstimatedCitationCount","type": "int32?","operations": [ "equals", "is_between" ]},
    
    {"name": "AuthorAffiliations","type": "Composite*"},
    {"name": "AuthorAffiliations.OriginalAuthorName","type": "blob?"},
    {"name": "AuthorAffiliations.AuthorName","type": "string?","operations": [ "equals", "starts_with" ]},
    {"name": "AuthorAffiliations.OriginalAffiliationName","type": "blob?"},
    {"name": "AuthorAffiliations.AffiliationName","type": "string?","operations": [ "equals", "starts_with" ]},
    {"name": "AuthorAffiliations.Sequence","type": "int32?","operations": [ "equals" ]},
    
    {"name": "FieldsOfStudy","type": "Composite*"},
    {"name": "FieldsOfStudy.OriginalName","type": "blob?"},
    {"name": "FieldsOfStudy.Name","type": "string?","operations": [ "equals", "starts_with" ]},

    {"name": "Conference","type": "Composite?"},
    {"name": "Conference.Name","type": "string?","operations": [ "equals", "starts_with" ]},
    
    {"name": "VenueFullName","type": "blob?"},
    {"name": "VenueShortName","type": "blob?"}
  ]
}